{
    "extends": [
        "config:base"
    ],
    "baseBranches": [
        "master",
        "v2"
    ],
    "postUpdateOptions": [
        "gomodTidy"
    ],
    "packageRules": [
        {
            "updateTypes": [
                "minor",
                "patch",
                "pin",
                "digest"
            ],
            "automerge": true
        },
        {
            "baseBranchList": [
                "master"
            ],
            "packageNames": [
                "github.com/golang/protobuf",
                "google.golang.org/genproto",
                "io_bazel_rules_go",
                "golang.org/x/oauth2"
            ],
            "enabled": false
        },
        {
            "baseBranchList": [
                "v2"
            ],
            "packageNames": [
                "github.com/golang/protobuf",
                "google.golang.org/protobuf"
            ],
            "groupName": "golang/protobuf"
        },
        {
            "packagePatterns": [
                "jekyll-.*"
            ],
            "enabled": false
        }
    ]
}
